[
  {
    "id": "Early Life",
    "description": "I was born in Ukraine. I moved to the US when I was 4 years old. I grew up in the Philadelphia area.",
    "src": "https://www.publicdomainpictures.net/pictures/330000/velka/flag-of-ukraine-themes-idea-design-15871096940bX.jpg",
    "alt": "An image of the Ukrainian flag, with blue on top and yellow on the bottom."
  },
  {
    "id": "College",
    "description": "In college, I decided to study music and music education. I played classical guitar for recitals, weddings, and other events.",
    "src": "https://c1.wallpaperflare.com/preview/696/780/859/guitar-instrument-music-acoustic-guitar.jpg",
    "alt": "An image of a classical guitar."
  },
  {
    "id": "Post-College",
    "description": "After college, I lived in France for 2 years where I taught English in public elementary schools.",
    "src": "https://www.freewalkingtournice.com/wp-content/uploads/2021/02/visiter-nice-france.jpg",
    "alt": "A panoramic view of Nice, France. There are red tiled roofs, a vast blue sea, and rolling hills in the background."
  },
  {
    "id": "Teaching",
    "description": "After returning to the US, I became a high school ESL teacher in Philadelphia, where I currently work.",
    "src": "https://media.architecturaldigest.com/photos/5755f69c69bcf60b7b864713/master/pass/philadelphia-travel-guide-01.jpg",
    "alt": "The Philadelphia skyline at night. In the foreground is the Schuylkill river and the trail."
  },
  {
    "id": "BU",
    "description": "Seeking a change and wanting to further challenge myself, I decided to pursue a Master's in Software Development at BU.",
    "src": "https://live.staticflickr.com/100/302419280_17f1833e1e_b.jpg",
    "alt": "A red sign saying Boston University with a building in the background."
  }
]
